"Id";"ActivityDay";"StepTotal"
1503960366;"2016-04-12 00:00:00";13162
1503960366;"2016-04-13 00:00:00";10735
1503960366;"2016-04-14 00:00:00";10460
1503960366;"2016-04-15 00:00:00";9762
1503960366;"2016-04-16 00:00:00";12669
1503960366;"2016-04-17 00:00:00";9705
1503960366;"2016-04-18 00:00:00";13019
1503960366;"2016-04-19 00:00:00";15506
1503960366;"2016-04-20 00:00:00";10544
1503960366;"2016-04-21 00:00:00";9819
1503960366;"2016-04-22 00:00:00";12764
1503960366;"2016-04-23 00:00:00";14371
1503960366;"2016-04-24 00:00:00";10039
1503960366;"2016-04-25 00:00:00";15355
1503960366;"2016-04-26 00:00:00";13755
1503960366;"2016-04-27 00:00:00";18134
1503960366;"2016-04-28 00:00:00";13154
1503960366;"2016-04-29 00:00:00";11181
1503960366;"2016-04-30 00:00:00";14673
1503960366;"2016-05-01 00:00:00";10602
1503960366;"2016-05-02 00:00:00";14727
1503960366;"2016-05-03 00:00:00";15103
1503960366;"2016-05-04 00:00:00";11100
1503960366;"2016-05-05 00:00:00";14070
1503960366;"2016-05-06 00:00:00";12159
1503960366;"2016-05-07 00:00:00";11992
1503960366;"2016-05-08 00:00:00";10060
1503960366;"2016-05-09 00:00:00";12022
1503960366;"2016-05-10 00:00:00";12207
1503960366;"2016-05-11 00:00:00";12770
1503960366;"2016-05-12 00:00:00";0
1624580081;"2016-04-12 00:00:00";8163
1624580081;"2016-04-13 00:00:00";7007
1624580081;"2016-04-14 00:00:00";9107
1624580081;"2016-04-15 00:00:00";1510
1624580081;"2016-04-16 00:00:00";5370
1624580081;"2016-04-17 00:00:00";6175
1624580081;"2016-04-18 00:00:00";10536
1624580081;"2016-04-19 00:00:00";2916
1624580081;"2016-04-20 00:00:00";4974
1624580081;"2016-04-21 00:00:00";6349
1624580081;"2016-04-22 00:00:00";4026
1624580081;"2016-04-23 00:00:00";8538
1624580081;"2016-04-24 00:00:00";6076
1624580081;"2016-04-25 00:00:00";6497
1624580081;"2016-04-26 00:00:00";2826
1624580081;"2016-04-27 00:00:00";8367
1624580081;"2016-04-28 00:00:00";2759
1624580081;"2016-04-29 00:00:00";2390
1624580081;"2016-04-30 00:00:00";6474
1624580081;"2016-05-01 00:00:00";36019
1624580081;"2016-05-02 00:00:00";7155
1624580081;"2016-05-03 00:00:00";2100
1624580081;"2016-05-04 00:00:00";2193
1624580081;"2016-05-05 00:00:00";2470
1624580081;"2016-05-06 00:00:00";1727
1624580081;"2016-05-07 00:00:00";2104
1624580081;"2016-05-08 00:00:00";3427
1624580081;"2016-05-09 00:00:00";1732
1624580081;"2016-05-10 00:00:00";2969
1624580081;"2016-05-11 00:00:00";3134
1624580081;"2016-05-12 00:00:00";2971
1644430081;"2016-04-12 00:00:00";10694
1644430081;"2016-04-13 00:00:00";8001
1644430081;"2016-04-14 00:00:00";11037
1644430081;"2016-04-15 00:00:00";5263
1644430081;"2016-04-16 00:00:00";15300
1644430081;"2016-04-17 00:00:00";8757
1644430081;"2016-04-18 00:00:00";7132
1644430081;"2016-04-19 00:00:00";11256
1644430081;"2016-04-20 00:00:00";2436
1644430081;"2016-04-21 00:00:00";1223
1644430081;"2016-04-22 00:00:00";3673
1644430081;"2016-04-23 00:00:00";6637
1644430081;"2016-04-24 00:00:00";3321
1644430081;"2016-04-25 00:00:00";3580
1644430081;"2016-04-26 00:00:00";9919
1644430081;"2016-04-27 00:00:00";3032
1644430081;"2016-04-28 00:00:00";9405
1644430081;"2016-04-29 00:00:00";3176
1644430081;"2016-04-30 00:00:00";18213
1644430081;"2016-05-01 00:00:00";6132
1644430081;"2016-05-02 00:00:00";3758
1644430081;"2016-05-03 00:00:00";12850
1644430081;"2016-05-04 00:00:00";2309
1644430081;"2016-05-05 00:00:00";4363
1644430081;"2016-05-06 00:00:00";9787
1644430081;"2016-05-07 00:00:00";13372
1644430081;"2016-05-08 00:00:00";6724
1644430081;"2016-05-09 00:00:00";6643
1644430081;"2016-05-10 00:00:00";9167
1644430081;"2016-05-11 00:00:00";1329
1844505072;"2016-04-12 00:00:00";6697
1844505072;"2016-04-13 00:00:00";4929
1844505072;"2016-04-14 00:00:00";7937
1844505072;"2016-04-15 00:00:00";3844
1844505072;"2016-04-16 00:00:00";3414
1844505072;"2016-04-17 00:00:00";4525
1844505072;"2016-04-18 00:00:00";4597
1844505072;"2016-04-19 00:00:00";197
1844505072;"2016-04-20 00:00:00";8
1844505072;"2016-04-21 00:00:00";8054
1844505072;"2016-04-22 00:00:00";5372
1844505072;"2016-04-23 00:00:00";3570
1844505072;"2016-04-24 00:00:00";0
1844505072;"2016-04-25 00:00:00";0
1844505072;"2016-04-26 00:00:00";0
1844505072;"2016-04-27 00:00:00";4
1844505072;"2016-04-28 00:00:00";6907
1844505072;"2016-04-29 00:00:00";4920
1844505072;"2016-04-30 00:00:00";4014
1844505072;"2016-05-01 00:00:00";2573
1844505072;"2016-05-02 00:00:00";0
1844505072;"2016-05-03 00:00:00";4059
1844505072;"2016-05-04 00:00:00";2080
1844505072;"2016-05-05 00:00:00";2237
1844505072;"2016-05-06 00:00:00";44
1844505072;"2016-05-07 00:00:00";0
1844505072;"2016-05-08 00:00:00";0
1844505072;"2016-05-09 00:00:00";0
1844505072;"2016-05-10 00:00:00";0
1844505072;"2016-05-11 00:00:00";0
1844505072;"2016-05-12 00:00:00";0
1927972279;"2016-04-12 00:00:00";678
1927972279;"2016-04-13 00:00:00";356
1927972279;"2016-04-14 00:00:00";2163
1927972279;"2016-04-15 00:00:00";980
1927972279;"2016-04-16 00:00:00";0
1927972279;"2016-04-17 00:00:00";0
1927972279;"2016-04-18 00:00:00";244
1927972279;"2016-04-19 00:00:00";0
1927972279;"2016-04-20 00:00:00";0
1927972279;"2016-04-21 00:00:00";0
1927972279;"2016-04-22 00:00:00";149
1927972279;"2016-04-23 00:00:00";2945
1927972279;"2016-04-24 00:00:00";2090
1927972279;"2016-04-25 00:00:00";152
1927972279;"2016-04-26 00:00:00";3761
1927972279;"2016-04-27 00:00:00";0
1927972279;"2016-04-28 00:00:00";1675
1927972279;"2016-04-29 00:00:00";0
1927972279;"2016-04-30 00:00:00";0
1927972279;"2016-05-01 00:00:00";2704
1927972279;"2016-05-02 00:00:00";3790
1927972279;"2016-05-03 00:00:00";1326
1927972279;"2016-05-04 00:00:00";1786
1927972279;"2016-05-05 00:00:00";0
1927972279;"2016-05-06 00:00:00";2091
1927972279;"2016-05-07 00:00:00";1510
1927972279;"2016-05-08 00:00:00";0
1927972279;"2016-05-09 00:00:00";0
1927972279;"2016-05-10 00:00:00";0
1927972279;"2016-05-11 00:00:00";0
1927972279;"2016-05-12 00:00:00";0
2022484408;"2016-04-12 00:00:00";11875
2022484408;"2016-04-13 00:00:00";12024
2022484408;"2016-04-14 00:00:00";10690
2022484408;"2016-04-15 00:00:00";11034
2022484408;"2016-04-16 00:00:00";10100
2022484408;"2016-04-17 00:00:00";15112
2022484408;"2016-04-18 00:00:00";14131
2022484408;"2016-04-19 00:00:00";11548
2022484408;"2016-04-20 00:00:00";15112
2022484408;"2016-04-21 00:00:00";12453
2022484408;"2016-04-22 00:00:00";12954
2022484408;"2016-04-23 00:00:00";6001
2022484408;"2016-04-24 00:00:00";13481
2022484408;"2016-04-25 00:00:00";11369
2022484408;"2016-04-26 00:00:00";10119
2022484408;"2016-04-27 00:00:00";10159
2022484408;"2016-04-28 00:00:00";10140
2022484408;"2016-04-29 00:00:00";10245
2022484408;"2016-04-30 00:00:00";18387
2022484408;"2016-05-01 00:00:00";10538
2022484408;"2016-05-02 00:00:00";10379
2022484408;"2016-05-03 00:00:00";12183
2022484408;"2016-05-04 00:00:00";11768
2022484408;"2016-05-05 00:00:00";11895
2022484408;"2016-05-06 00:00:00";10227
2022484408;"2016-05-07 00:00:00";6708
2022484408;"2016-05-08 00:00:00";3292
2022484408;"2016-05-09 00:00:00";13379
2022484408;"2016-05-10 00:00:00";12798
2022484408;"2016-05-11 00:00:00";13272
2022484408;"2016-05-12 00:00:00";9117
2026352035;"2016-04-12 00:00:00";4414
2026352035;"2016-04-13 00:00:00";4993
2026352035;"2016-04-14 00:00:00";3335
2026352035;"2016-04-15 00:00:00";3821
2026352035;"2016-04-16 00:00:00";2547
2026352035;"2016-04-17 00:00:00";838
2026352035;"2016-04-18 00:00:00";3325
2026352035;"2016-04-19 00:00:00";2424
2026352035;"2016-04-20 00:00:00";7222
2026352035;"2016-04-21 00:00:00";2467
2026352035;"2016-04-22 00:00:00";2915
2026352035;"2016-04-23 00:00:00";12357
2026352035;"2016-04-24 00:00:00";3490
2026352035;"2016-04-25 00:00:00";6017
2026352035;"2016-04-26 00:00:00";5933
2026352035;"2016-04-27 00:00:00";6088
2026352035;"2016-04-28 00:00:00";6375
2026352035;"2016-04-29 00:00:00";7604
2026352035;"2016-04-30 00:00:00";4729
2026352035;"2016-05-01 00:00:00";3609
2026352035;"2016-05-02 00:00:00";7018
2026352035;"2016-05-03 00:00:00";5992
2026352035;"2016-05-04 00:00:00";6564
2026352035;"2016-05-05 00:00:00";12167
2026352035;"2016-05-06 00:00:00";8198
2026352035;"2016-05-07 00:00:00";4193
2026352035;"2016-05-08 00:00:00";5528
2026352035;"2016-05-09 00:00:00";10685
2026352035;"2016-05-10 00:00:00";254
2026352035;"2016-05-11 00:00:00";8580
2026352035;"2016-05-12 00:00:00";8891
2320127002;"2016-04-12 00:00:00";10725
2320127002;"2016-04-13 00:00:00";7275
2320127002;"2016-04-14 00:00:00";3973
2320127002;"2016-04-15 00:00:00";5205
2320127002;"2016-04-16 00:00:00";5057
2320127002;"2016-04-17 00:00:00";6198
2320127002;"2016-04-18 00:00:00";6559
2320127002;"2016-04-19 00:00:00";5997
2320127002;"2016-04-20 00:00:00";7192
2320127002;"2016-04-21 00:00:00";3404
2320127002;"2016-04-22 00:00:00";5583
2320127002;"2016-04-23 00:00:00";5079
2320127002;"2016-04-24 00:00:00";4165
2320127002;"2016-04-25 00:00:00";3588
2320127002;"2016-04-26 00:00:00";3409
2320127002;"2016-04-27 00:00:00";1715
2320127002;"2016-04-28 00:00:00";1532
2320127002;"2016-04-29 00:00:00";924
2320127002;"2016-04-30 00:00:00";4571
2320127002;"2016-05-01 00:00:00";772
2320127002;"2016-05-02 00:00:00";3634
2320127002;"2016-05-03 00:00:00";7443
2320127002;"2016-05-04 00:00:00";1201
2320127002;"2016-05-05 00:00:00";5202
2320127002;"2016-05-06 00:00:00";4878
2320127002;"2016-05-07 00:00:00";7379
2320127002;"2016-05-08 00:00:00";5161
2320127002;"2016-05-09 00:00:00";3090
2320127002;"2016-05-10 00:00:00";6227
2320127002;"2016-05-11 00:00:00";6424
2320127002;"2016-05-12 00:00:00";2661
2347167796;"2016-04-12 00:00:00";10113
2347167796;"2016-04-13 00:00:00";10352
2347167796;"2016-04-14 00:00:00";10129
2347167796;"2016-04-15 00:00:00";10465
2347167796;"2016-04-16 00:00:00";22244
2347167796;"2016-04-17 00:00:00";5472
2347167796;"2016-04-18 00:00:00";8247
2347167796;"2016-04-19 00:00:00";6711
2347167796;"2016-04-20 00:00:00";10999
2347167796;"2016-04-21 00:00:00";10080
2347167796;"2016-04-22 00:00:00";7804
2347167796;"2016-04-23 00:00:00";16901
2347167796;"2016-04-24 00:00:00";9471
2347167796;"2016-04-25 00:00:00";9482
2347167796;"2016-04-26 00:00:00";5980
2347167796;"2016-04-27 00:00:00";11423
2347167796;"2016-04-28 00:00:00";5439
2347167796;"2016-04-29 00:00:00";42
2873212765;"2016-04-12 00:00:00";8796
2873212765;"2016-04-13 00:00:00";7618
2873212765;"2016-04-14 00:00:00";7910
2873212765;"2016-04-15 00:00:00";8482
2873212765;"2016-04-16 00:00:00";9685
2873212765;"2016-04-17 00:00:00";2524
2873212765;"2016-04-18 00:00:00";7762
2873212765;"2016-04-19 00:00:00";7948
2873212765;"2016-04-20 00:00:00";9202
2873212765;"2016-04-21 00:00:00";8859
2873212765;"2016-04-22 00:00:00";7286
2873212765;"2016-04-23 00:00:00";9317
2873212765;"2016-04-24 00:00:00";6873
2873212765;"2016-04-25 00:00:00";7373
2873212765;"2016-04-26 00:00:00";8242
2873212765;"2016-04-27 00:00:00";3516
2873212765;"2016-04-28 00:00:00";7913
2873212765;"2016-04-29 00:00:00";7365
2873212765;"2016-04-30 00:00:00";8452
2873212765;"2016-05-01 00:00:00";7399
2873212765;"2016-05-02 00:00:00";7525
2873212765;"2016-05-03 00:00:00";7412
2873212765;"2016-05-04 00:00:00";8278
2873212765;"2016-05-05 00:00:00";8314
2873212765;"2016-05-06 00:00:00";7063
2873212765;"2016-05-07 00:00:00";4940
2873212765;"2016-05-08 00:00:00";8168
2873212765;"2016-05-09 00:00:00";7726
2873212765;"2016-05-10 00:00:00";8275
2873212765;"2016-05-11 00:00:00";6440
2873212765;"2016-05-12 00:00:00";7566
3372868164;"2016-04-12 00:00:00";4747
3372868164;"2016-04-13 00:00:00";9715
3372868164;"2016-04-14 00:00:00";8844
3372868164;"2016-04-15 00:00:00";7451
3372868164;"2016-04-16 00:00:00";6905
3372868164;"2016-04-17 00:00:00";8199
3372868164;"2016-04-18 00:00:00";6798
3372868164;"2016-04-19 00:00:00";7711
3372868164;"2016-04-20 00:00:00";4880
3372868164;"2016-04-21 00:00:00";8857
3372868164;"2016-04-22 00:00:00";3843
3372868164;"2016-04-23 00:00:00";7396
3372868164;"2016-04-24 00:00:00";6731
3372868164;"2016-04-25 00:00:00";5995
3372868164;"2016-04-26 00:00:00";8283
3372868164;"2016-04-27 00:00:00";7904
3372868164;"2016-04-28 00:00:00";5512
3372868164;"2016-04-29 00:00:00";9135
3372868164;"2016-04-30 00:00:00";5250
3372868164;"2016-05-01 00:00:00";3077
3977333714;"2016-04-12 00:00:00";8856
3977333714;"2016-04-13 00:00:00";10035
3977333714;"2016-04-14 00:00:00";7641
3977333714;"2016-04-15 00:00:00";9010
3977333714;"2016-04-16 00:00:00";13459
3977333714;"2016-04-17 00:00:00";10415
3977333714;"2016-04-18 00:00:00";11663
3977333714;"2016-04-19 00:00:00";12414
3977333714;"2016-04-20 00:00:00";11658
3977333714;"2016-04-21 00:00:00";6093
3977333714;"2016-04-22 00:00:00";8911
3977333714;"2016-04-23 00:00:00";12058
3977333714;"2016-04-24 00:00:00";14112
3977333714;"2016-04-25 00:00:00";11177
3977333714;"2016-04-26 00:00:00";11388
3977333714;"2016-04-27 00:00:00";7193
3977333714;"2016-04-28 00:00:00";7114
3977333714;"2016-04-29 00:00:00";10645
3977333714;"2016-04-30 00:00:00";13238
3977333714;"2016-05-01 00:00:00";10414
3977333714;"2016-05-02 00:00:00";16520
3977333714;"2016-05-03 00:00:00";14335
3977333714;"2016-05-04 00:00:00";13559
3977333714;"2016-05-05 00:00:00";12312
3977333714;"2016-05-06 00:00:00";11677
3977333714;"2016-05-07 00:00:00";11550
3977333714;"2016-05-08 00:00:00";13585
3977333714;"2016-05-09 00:00:00";14687
3977333714;"2016-05-10 00:00:00";13072
3977333714;"2016-05-11 00:00:00";746
4020332650;"2016-04-12 00:00:00";8539
4020332650;"2016-04-13 00:00:00";0
4020332650;"2016-04-14 00:00:00";108
4020332650;"2016-04-15 00:00:00";1882
4020332650;"2016-04-16 00:00:00";1982
4020332650;"2016-04-17 00:00:00";16
4020332650;"2016-04-18 00:00:00";62
4020332650;"2016-04-19 00:00:00";0
4020332650;"2016-04-20 00:00:00";0
4020332650;"2016-04-21 00:00:00";0
4020332650;"2016-04-22 00:00:00";0
4020332650;"2016-04-23 00:00:00";0
4020332650;"2016-04-24 00:00:00";0
4020332650;"2016-04-25 00:00:00";0
4020332650;"2016-04-26 00:00:00";0
4020332650;"2016-04-27 00:00:00";0
4020332650;"2016-04-28 00:00:00";0
4020332650;"2016-04-29 00:00:00";0
4020332650;"2016-04-30 00:00:00";0
4020332650;"2016-05-01 00:00:00";0
4020332650;"2016-05-02 00:00:00";475
4020332650;"2016-05-03 00:00:00";4496
4020332650;"2016-05-04 00:00:00";10252
4020332650;"2016-05-05 00:00:00";11728
4020332650;"2016-05-06 00:00:00";4369
4020332650;"2016-05-07 00:00:00";6132
4020332650;"2016-05-08 00:00:00";5862
4020332650;"2016-05-09 00:00:00";4556
4020332650;"2016-05-10 00:00:00";5546
4020332650;"2016-05-11 00:00:00";3689
4020332650;"2016-05-12 00:00:00";590
4057192912;"2016-04-12 00:00:00";5394
4057192912;"2016-04-13 00:00:00";5974
4057192912;"2016-04-14 00:00:00";0
4057192912;"2016-04-15 00:00:00";3984
4319703577;"2016-04-12 00:00:00";7753
4319703577;"2016-04-13 00:00:00";8204
4319703577;"2016-04-14 00:00:00";10210
4319703577;"2016-04-15 00:00:00";5664
4319703577;"2016-04-16 00:00:00";4744
4319703577;"2016-04-17 00:00:00";29
4319703577;"2016-04-18 00:00:00";2276
4319703577;"2016-04-19 00:00:00";8925
4319703577;"2016-04-20 00:00:00";8954
4319703577;"2016-04-21 00:00:00";3702
4319703577;"2016-04-22 00:00:00";4500
4319703577;"2016-04-23 00:00:00";4935
4319703577;"2016-04-24 00:00:00";4081
4319703577;"2016-04-25 00:00:00";9259
4319703577;"2016-04-26 00:00:00";9899
4319703577;"2016-04-27 00:00:00";10780
4319703577;"2016-04-28 00:00:00";10817
4319703577;"2016-04-29 00:00:00";7990
4319703577;"2016-04-30 00:00:00";8221
4319703577;"2016-05-01 00:00:00";1251
4319703577;"2016-05-02 00:00:00";9261
4319703577;"2016-05-03 00:00:00";9648
4319703577;"2016-05-04 00:00:00";10429
4319703577;"2016-05-05 00:00:00";13658
4319703577;"2016-05-06 00:00:00";9524
4319703577;"2016-05-07 00:00:00";7937
4319703577;"2016-05-08 00:00:00";3672
4319703577;"2016-05-09 00:00:00";10378
4319703577;"2016-05-10 00:00:00";9487
4319703577;"2016-05-11 00:00:00";9129
4319703577;"2016-05-12 00:00:00";17
4388161847;"2016-04-12 00:00:00";10122
4388161847;"2016-04-13 00:00:00";10993
4388161847;"2016-04-14 00:00:00";8863
4388161847;"2016-04-15 00:00:00";8758
4388161847;"2016-04-16 00:00:00";6580
4388161847;"2016-04-17 00:00:00";4660
4388161847;"2016-04-18 00:00:00";11009
4388161847;"2016-04-19 00:00:00";10181
4388161847;"2016-04-20 00:00:00";10553
4388161847;"2016-04-21 00:00:00";10055
4388161847;"2016-04-22 00:00:00";12139
4388161847;"2016-04-23 00:00:00";13236
4388161847;"2016-04-24 00:00:00";10243
4388161847;"2016-04-25 00:00:00";12961
4388161847;"2016-04-26 00:00:00";9461
4388161847;"2016-04-27 00:00:00";11193
4388161847;"2016-04-28 00:00:00";10074
4388161847;"2016-04-29 00:00:00";9232
4388161847;"2016-04-30 00:00:00";12533
4388161847;"2016-05-01 00:00:00";10255
4388161847;"2016-05-02 00:00:00";10096
4388161847;"2016-05-03 00:00:00";12727
4388161847;"2016-05-04 00:00:00";12375
4388161847;"2016-05-05 00:00:00";9603
4388161847;"2016-05-06 00:00:00";13175
4388161847;"2016-05-07 00:00:00";22770
4388161847;"2016-05-08 00:00:00";17298
4388161847;"2016-05-09 00:00:00";10218
4388161847;"2016-05-10 00:00:00";10299
4388161847;"2016-05-11 00:00:00";10201
4388161847;"2016-05-12 00:00:00";3369
4445114986;"2016-04-12 00:00:00";3276
4445114986;"2016-04-13 00:00:00";2961
4445114986;"2016-04-14 00:00:00";3974
4445114986;"2016-04-15 00:00:00";7198
4445114986;"2016-04-16 00:00:00";3945
4445114986;"2016-04-17 00:00:00";2268
4445114986;"2016-04-18 00:00:00";6155
4445114986;"2016-04-19 00:00:00";2064
4445114986;"2016-04-20 00:00:00";2072
4445114986;"2016-04-21 00:00:00";3809
4445114986;"2016-04-22 00:00:00";6831
4445114986;"2016-04-23 00:00:00";4363
4445114986;"2016-04-24 00:00:00";5002
4445114986;"2016-04-25 00:00:00";3385
4445114986;"2016-04-26 00:00:00";6326
4445114986;"2016-04-27 00:00:00";7243
4445114986;"2016-04-28 00:00:00";4493
4445114986;"2016-04-29 00:00:00";4676
4445114986;"2016-04-30 00:00:00";6222
4445114986;"2016-05-01 00:00:00";5232
4445114986;"2016-05-02 00:00:00";6910
4445114986;"2016-05-03 00:00:00";7502
4445114986;"2016-05-04 00:00:00";2923
4445114986;"2016-05-05 00:00:00";3800
4445114986;"2016-05-06 00:00:00";4514
4445114986;"2016-05-07 00:00:00";5183
4445114986;"2016-05-08 00:00:00";7303
4445114986;"2016-05-09 00:00:00";5275
4445114986;"2016-05-10 00:00:00";3915
4445114986;"2016-05-11 00:00:00";9105
4445114986;"2016-05-12 00:00:00";768
4558609924;"2016-04-12 00:00:00";5135
4558609924;"2016-04-13 00:00:00";4978
4558609924;"2016-04-14 00:00:00";6799
4558609924;"2016-04-15 00:00:00";7795
4558609924;"2016-04-16 00:00:00";7289
4558609924;"2016-04-17 00:00:00";9634
4558609924;"2016-04-18 00:00:00";8940
4558609924;"2016-04-19 00:00:00";5401
4558609924;"2016-04-20 00:00:00";4803
4558609924;"2016-04-21 00:00:00";13743
4558609924;"2016-04-22 00:00:00";9601
4558609924;"2016-04-23 00:00:00";6890
4558609924;"2016-04-24 00:00:00";8563
4558609924;"2016-04-25 00:00:00";8095
4558609924;"2016-04-26 00:00:00";9148
4558609924;"2016-04-27 00:00:00";9557
4558609924;"2016-04-28 00:00:00";9451
4558609924;"2016-04-29 00:00:00";7833
4558609924;"2016-04-30 00:00:00";10319
4558609924;"2016-05-01 00:00:00";3428
4558609924;"2016-05-02 00:00:00";7891
4558609924;"2016-05-03 00:00:00";5267
4558609924;"2016-05-04 00:00:00";5232
4558609924;"2016-05-05 00:00:00";10611
4558609924;"2016-05-06 00:00:00";3755
4558609924;"2016-05-07 00:00:00";8237
4558609924;"2016-05-08 00:00:00";6543
4558609924;"2016-05-09 00:00:00";11451
4558609924;"2016-05-10 00:00:00";6435
4558609924;"2016-05-11 00:00:00";9108
4558609924;"2016-05-12 00:00:00";6307
4702921684;"2016-04-12 00:00:00";7213
4702921684;"2016-04-13 00:00:00";6877
4702921684;"2016-04-14 00:00:00";7860
4702921684;"2016-04-15 00:00:00";6506
4702921684;"2016-04-16 00:00:00";11140
4702921684;"2016-04-17 00:00:00";12692
4702921684;"2016-04-18 00:00:00";9105
4702921684;"2016-04-19 00:00:00";6708
4702921684;"2016-04-20 00:00:00";8793
4702921684;"2016-04-21 00:00:00";6530
4702921684;"2016-04-22 00:00:00";1664
4702921684;"2016-04-23 00:00:00";15126
4702921684;"2016-04-24 00:00:00";15050
4702921684;"2016-04-25 00:00:00";9167
4702921684;"2016-04-26 00:00:00";6108
4702921684;"2016-04-27 00:00:00";7047
4702921684;"2016-04-28 00:00:00";9023
4702921684;"2016-04-29 00:00:00";9930
4702921684;"2016-04-30 00:00:00";10144
4702921684;"2016-05-01 00:00:00";0
4702921684;"2016-05-02 00:00:00";7245
4702921684;"2016-05-03 00:00:00";9454
4702921684;"2016-05-04 00:00:00";8161
4702921684;"2016-05-05 00:00:00";8614
4702921684;"2016-05-06 00:00:00";6943
4702921684;"2016-05-07 00:00:00";14370
4702921684;"2016-05-08 00:00:00";12857
4702921684;"2016-05-09 00:00:00";8232
4702921684;"2016-05-10 00:00:00";10613
4702921684;"2016-05-11 00:00:00";9810
4702921684;"2016-05-12 00:00:00";2752
5553957443;"2016-04-12 00:00:00";11596
5553957443;"2016-04-13 00:00:00";4832
5553957443;"2016-04-14 00:00:00";17022
5553957443;"2016-04-15 00:00:00";16556
5553957443;"2016-04-16 00:00:00";5771
5553957443;"2016-04-17 00:00:00";655
5553957443;"2016-04-18 00:00:00";3727
5553957443;"2016-04-19 00:00:00";15482
5553957443;"2016-04-20 00:00:00";2713
5553957443;"2016-04-21 00:00:00";12346
5553957443;"2016-04-22 00:00:00";11682
5553957443;"2016-04-23 00:00:00";4112
5553957443;"2016-04-24 00:00:00";1807
5553957443;"2016-04-25 00:00:00";10946
5553957443;"2016-04-26 00:00:00";11886
5553957443;"2016-04-27 00:00:00";10538
5553957443;"2016-04-28 00:00:00";11393
5553957443;"2016-04-29 00:00:00";12764
5553957443;"2016-04-30 00:00:00";1202
5553957443;"2016-05-01 00:00:00";5164
5553957443;"2016-05-02 00:00:00";9769
5553957443;"2016-05-03 00:00:00";12848
5553957443;"2016-05-04 00:00:00";4249
5553957443;"2016-05-05 00:00:00";14331
5553957443;"2016-05-06 00:00:00";9632
5553957443;"2016-05-07 00:00:00";1868
5553957443;"2016-05-08 00:00:00";6083
5553957443;"2016-05-09 00:00:00";11611
5553957443;"2016-05-10 00:00:00";16358
5553957443;"2016-05-11 00:00:00";4926
5553957443;"2016-05-12 00:00:00";3121
5577150313;"2016-04-12 00:00:00";8135
5577150313;"2016-04-13 00:00:00";5077
5577150313;"2016-04-14 00:00:00";8596
5577150313;"2016-04-15 00:00:00";12087
5577150313;"2016-04-16 00:00:00";14269
5577150313;"2016-04-17 00:00:00";12231
5577150313;"2016-04-18 00:00:00";9893
5577150313;"2016-04-19 00:00:00";12574
5577150313;"2016-04-20 00:00:00";8330
5577150313;"2016-04-21 00:00:00";10830
5577150313;"2016-04-22 00:00:00";9172
5577150313;"2016-04-23 00:00:00";7638
5577150313;"2016-04-24 00:00:00";15764
5577150313;"2016-04-25 00:00:00";6393
5577150313;"2016-04-26 00:00:00";5325
5577150313;"2016-04-27 00:00:00";6805
5577150313;"2016-04-28 00:00:00";9841
5577150313;"2016-04-29 00:00:00";7924
5577150313;"2016-04-30 00:00:00";12363
5577150313;"2016-05-01 00:00:00";13368
5577150313;"2016-05-02 00:00:00";7439
5577150313;"2016-05-03 00:00:00";11045
5577150313;"2016-05-04 00:00:00";5206
5577150313;"2016-05-05 00:00:00";7550
5577150313;"2016-05-06 00:00:00";4950
5577150313;"2016-05-07 00:00:00";0
5577150313;"2016-05-08 00:00:00";0
5577150313;"2016-05-09 00:00:00";3421
5577150313;"2016-05-10 00:00:00";8869
5577150313;"2016-05-11 00:00:00";4038
6117666160;"2016-04-12 00:00:00";0
6117666160;"2016-04-13 00:00:00";0
6117666160;"2016-04-14 00:00:00";0
6117666160;"2016-04-15 00:00:00";14019
6117666160;"2016-04-16 00:00:00";14450
6117666160;"2016-04-17 00:00:00";7150
6117666160;"2016-04-18 00:00:00";5153
6117666160;"2016-04-19 00:00:00";11135
6117666160;"2016-04-20 00:00:00";10449
6117666160;"2016-04-21 00:00:00";19542
6117666160;"2016-04-22 00:00:00";8206
6117666160;"2016-04-23 00:00:00";11495
6117666160;"2016-04-24 00:00:00";7623
6117666160;"2016-04-25 00:00:00";0
6117666160;"2016-04-26 00:00:00";9543
6117666160;"2016-04-27 00:00:00";9411
6117666160;"2016-04-28 00:00:00";3403
6117666160;"2016-04-29 00:00:00";9592
6117666160;"2016-04-30 00:00:00";6987
6117666160;"2016-05-01 00:00:00";8915
6117666160;"2016-05-02 00:00:00";4933
6117666160;"2016-05-03 00:00:00";0
6117666160;"2016-05-04 00:00:00";2997
6117666160;"2016-05-05 00:00:00";9799
6117666160;"2016-05-06 00:00:00";3365
6117666160;"2016-05-07 00:00:00";7336
6117666160;"2016-05-08 00:00:00";7328
6117666160;"2016-05-09 00:00:00";4477
6290855005;"2016-04-12 00:00:00";4562
6290855005;"2016-04-13 00:00:00";7142
6290855005;"2016-04-14 00:00:00";7671
6290855005;"2016-04-15 00:00:00";9501
6290855005;"2016-04-16 00:00:00";8301
6290855005;"2016-04-17 00:00:00";7851
6290855005;"2016-04-18 00:00:00";6885
6290855005;"2016-04-19 00:00:00";7142
6290855005;"2016-04-20 00:00:00";6361
6290855005;"2016-04-21 00:00:00";0
6290855005;"2016-04-22 00:00:00";6238
6290855005;"2016-04-23 00:00:00";0
6290855005;"2016-04-24 00:00:00";5896
6290855005;"2016-04-25 00:00:00";7802
6290855005;"2016-04-26 00:00:00";0
6290855005;"2016-04-27 00:00:00";5565
6290855005;"2016-04-28 00:00:00";5731
6290855005;"2016-04-29 00:00:00";0
6290855005;"2016-04-30 00:00:00";6744
6290855005;"2016-05-01 00:00:00";9837
6290855005;"2016-05-02 00:00:00";6781
6290855005;"2016-05-03 00:00:00";6047
6290855005;"2016-05-04 00:00:00";5832
6290855005;"2016-05-05 00:00:00";6339
6290855005;"2016-05-06 00:00:00";6116
6290855005;"2016-05-07 00:00:00";5510
6290855005;"2016-05-08 00:00:00";7706
6290855005;"2016-05-09 00:00:00";6277
6290855005;"2016-05-10 00:00:00";0
6775888955;"2016-04-12 00:00:00";0
6775888955;"2016-04-13 00:00:00";4053
6775888955;"2016-04-14 00:00:00";5162
6775888955;"2016-04-15 00:00:00";1282
6775888955;"2016-04-16 00:00:00";4732
6775888955;"2016-04-17 00:00:00";2497
6775888955;"2016-04-18 00:00:00";8294
6775888955;"2016-04-19 00:00:00";0
6775888955;"2016-04-20 00:00:00";10771
6775888955;"2016-04-21 00:00:00";0
6775888955;"2016-04-22 00:00:00";637
6775888955;"2016-04-23 00:00:00";0
6775888955;"2016-04-24 00:00:00";2153
6775888955;"2016-04-25 00:00:00";6474
6775888955;"2016-04-26 00:00:00";7091
6775888955;"2016-04-27 00:00:00";0
6775888955;"2016-04-28 00:00:00";703
6775888955;"2016-04-29 00:00:00";0
6775888955;"2016-04-30 00:00:00";2503
6775888955;"2016-05-01 00:00:00";2487
6775888955;"2016-05-02 00:00:00";0
6775888955;"2016-05-03 00:00:00";9
6775888955;"2016-05-04 00:00:00";0
6775888955;"2016-05-05 00:00:00";0
6775888955;"2016-05-06 00:00:00";4697
6775888955;"2016-05-07 00:00:00";1967
6962181067;"2016-04-12 00:00:00";10199
6962181067;"2016-04-13 00:00:00";5652
6962181067;"2016-04-14 00:00:00";1551
6962181067;"2016-04-15 00:00:00";5563
6962181067;"2016-04-16 00:00:00";13217
6962181067;"2016-04-17 00:00:00";10145
6962181067;"2016-04-18 00:00:00";11404
6962181067;"2016-04-19 00:00:00";10742
6962181067;"2016-04-20 00:00:00";13928
6962181067;"2016-04-21 00:00:00";11835
6962181067;"2016-04-22 00:00:00";10725
6962181067;"2016-04-23 00:00:00";20031
6962181067;"2016-04-24 00:00:00";5029
6962181067;"2016-04-25 00:00:00";13239
6962181067;"2016-04-26 00:00:00";10433
6962181067;"2016-04-27 00:00:00";10320
6962181067;"2016-04-28 00:00:00";12627
6962181067;"2016-04-29 00:00:00";10762
6962181067;"2016-04-30 00:00:00";10081
6962181067;"2016-05-01 00:00:00";5454
6962181067;"2016-05-02 00:00:00";12912
6962181067;"2016-05-03 00:00:00";12109
6962181067;"2016-05-04 00:00:00";10147
6962181067;"2016-05-05 00:00:00";10524
6962181067;"2016-05-06 00:00:00";5908
6962181067;"2016-05-07 00:00:00";6815
6962181067;"2016-05-08 00:00:00";4188
6962181067;"2016-05-09 00:00:00";12342
6962181067;"2016-05-10 00:00:00";15448
6962181067;"2016-05-11 00:00:00";6722
6962181067;"2016-05-12 00:00:00";3587
7007744171;"2016-04-12 00:00:00";14172
7007744171;"2016-04-13 00:00:00";12862
7007744171;"2016-04-14 00:00:00";11179
7007744171;"2016-04-15 00:00:00";5273
7007744171;"2016-04-16 00:00:00";4631
7007744171;"2016-04-17 00:00:00";8059
7007744171;"2016-04-18 00:00:00";14816
7007744171;"2016-04-19 00:00:00";14194
7007744171;"2016-04-20 00:00:00";15566
7007744171;"2016-04-21 00:00:00";13744
7007744171;"2016-04-22 00:00:00";15299
7007744171;"2016-04-23 00:00:00";8093
7007744171;"2016-04-24 00:00:00";11085
7007744171;"2016-04-25 00:00:00";18229
7007744171;"2016-04-26 00:00:00";15090
7007744171;"2016-04-27 00:00:00";13541
7007744171;"2016-04-28 00:00:00";15128
7007744171;"2016-04-29 00:00:00";20067
7007744171;"2016-04-30 00:00:00";3761
7007744171;"2016-05-01 00:00:00";5600
7007744171;"2016-05-02 00:00:00";13041
7007744171;"2016-05-03 00:00:00";14510
7007744171;"2016-05-04 00:00:00";0
7007744171;"2016-05-05 00:00:00";15010
7007744171;"2016-05-06 00:00:00";11459
7007744171;"2016-05-07 00:00:00";0
7086361926;"2016-04-12 00:00:00";11317
7086361926;"2016-04-13 00:00:00";5813
7086361926;"2016-04-14 00:00:00";9123
7086361926;"2016-04-15 00:00:00";8585
7086361926;"2016-04-16 00:00:00";31
7086361926;"2016-04-17 00:00:00";0
7086361926;"2016-04-18 00:00:00";9827
7086361926;"2016-04-19 00:00:00";10688
7086361926;"2016-04-20 00:00:00";14365
7086361926;"2016-04-21 00:00:00";9469
7086361926;"2016-04-22 00:00:00";9753
7086361926;"2016-04-23 00:00:00";2817
7086361926;"2016-04-24 00:00:00";3520
7086361926;"2016-04-25 00:00:00";10091
7086361926;"2016-04-26 00:00:00";10387
7086361926;"2016-04-27 00:00:00";11107
7086361926;"2016-04-28 00:00:00";11584
7086361926;"2016-04-29 00:00:00";7881
7086361926;"2016-04-30 00:00:00";14560
7086361926;"2016-05-01 00:00:00";12390
7086361926;"2016-05-02 00:00:00";10052
7086361926;"2016-05-03 00:00:00";10288
7086361926;"2016-05-04 00:00:00";10988
7086361926;"2016-05-05 00:00:00";8564
7086361926;"2016-05-06 00:00:00";12461
7086361926;"2016-05-07 00:00:00";12827
7086361926;"2016-05-08 00:00:00";10677
7086361926;"2016-05-09 00:00:00";13566
7086361926;"2016-05-10 00:00:00";14433
7086361926;"2016-05-11 00:00:00";9572
7086361926;"2016-05-12 00:00:00";3789
8053475328;"2016-04-12 00:00:00";18060
8053475328;"2016-04-13 00:00:00";16433
8053475328;"2016-04-14 00:00:00";20159
8053475328;"2016-04-15 00:00:00";20669
8053475328;"2016-04-16 00:00:00";14549
8053475328;"2016-04-17 00:00:00";18827
8053475328;"2016-04-18 00:00:00";17076
8053475328;"2016-04-19 00:00:00";15929
8053475328;"2016-04-20 00:00:00";15108
8053475328;"2016-04-21 00:00:00";16057
8053475328;"2016-04-22 00:00:00";10520
8053475328;"2016-04-23 00:00:00";22359
8053475328;"2016-04-24 00:00:00";22988
8053475328;"2016-04-25 00:00:00";20500
8053475328;"2016-04-26 00:00:00";12685
8053475328;"2016-04-27 00:00:00";12422
8053475328;"2016-04-28 00:00:00";15447
8053475328;"2016-04-29 00:00:00";12315
8053475328;"2016-04-30 00:00:00";7135
8053475328;"2016-05-01 00:00:00";1170
8053475328;"2016-05-02 00:00:00";1969
8053475328;"2016-05-03 00:00:00";15484
8053475328;"2016-05-04 00:00:00";14581
8053475328;"2016-05-05 00:00:00";14990
8053475328;"2016-05-06 00:00:00";13953
8053475328;"2016-05-07 00:00:00";19769
8053475328;"2016-05-08 00:00:00";22026
8053475328;"2016-05-09 00:00:00";12465
8053475328;"2016-05-10 00:00:00";14810
8053475328;"2016-05-11 00:00:00";12209
8053475328;"2016-05-12 00:00:00";4998
8253242879;"2016-04-12 00:00:00";9033
8253242879;"2016-04-13 00:00:00";8053
8253242879;"2016-04-14 00:00:00";5234
8253242879;"2016-04-15 00:00:00";2672
8253242879;"2016-04-16 00:00:00";9256
8253242879;"2016-04-17 00:00:00";10204
8253242879;"2016-04-18 00:00:00";5151
8253242879;"2016-04-19 00:00:00";4212
8253242879;"2016-04-20 00:00:00";6466
8253242879;"2016-04-21 00:00:00";11268
8253242879;"2016-04-22 00:00:00";2824
8253242879;"2016-04-23 00:00:00";9282
8253242879;"2016-04-24 00:00:00";8905
8253242879;"2016-04-25 00:00:00";6829
8253242879;"2016-04-26 00:00:00";4562
8253242879;"2016-04-27 00:00:00";10232
8253242879;"2016-04-28 00:00:00";2718
8253242879;"2016-04-29 00:00:00";6260
8253242879;"2016-04-30 00:00:00";0
8378563200;"2016-04-12 00:00:00";7626
8378563200;"2016-04-13 00:00:00";12386
8378563200;"2016-04-14 00:00:00";13318
8378563200;"2016-04-15 00:00:00";14461
8378563200;"2016-04-16 00:00:00";11207
8378563200;"2016-04-17 00:00:00";2132
8378563200;"2016-04-18 00:00:00";13630
8378563200;"2016-04-19 00:00:00";13070
8378563200;"2016-04-20 00:00:00";9388
8378563200;"2016-04-21 00:00:00";15148
8378563200;"2016-04-22 00:00:00";12200
8378563200;"2016-04-23 00:00:00";5709
8378563200;"2016-04-24 00:00:00";3703
8378563200;"2016-04-25 00:00:00";12405
8378563200;"2016-04-26 00:00:00";16208
8378563200;"2016-04-27 00:00:00";7359
8378563200;"2016-04-28 00:00:00";5417
8378563200;"2016-04-29 00:00:00";6175
8378563200;"2016-04-30 00:00:00";2946
8378563200;"2016-05-01 00:00:00";11419
8378563200;"2016-05-02 00:00:00";6064
8378563200;"2016-05-03 00:00:00";8712
8378563200;"2016-05-04 00:00:00";7875
8378563200;"2016-05-05 00:00:00";8567
8378563200;"2016-05-06 00:00:00";7045
8378563200;"2016-05-07 00:00:00";4468
8378563200;"2016-05-08 00:00:00";2943
8378563200;"2016-05-09 00:00:00";8382
8378563200;"2016-05-10 00:00:00";6582
8378563200;"2016-05-11 00:00:00";9143
8378563200;"2016-05-12 00:00:00";4561
8583815059;"2016-04-12 00:00:00";5014
8583815059;"2016-04-13 00:00:00";5571
8583815059;"2016-04-14 00:00:00";3135
8583815059;"2016-04-15 00:00:00";3430
8583815059;"2016-04-16 00:00:00";5319
8583815059;"2016-04-17 00:00:00";3008
8583815059;"2016-04-18 00:00:00";3864
8583815059;"2016-04-19 00:00:00";5697
8583815059;"2016-04-20 00:00:00";5273
8583815059;"2016-04-21 00:00:00";8538
8583815059;"2016-04-22 00:00:00";8687
8583815059;"2016-04-23 00:00:00";9423
8583815059;"2016-04-24 00:00:00";8286
8583815059;"2016-04-25 00:00:00";4503
8583815059;"2016-04-26 00:00:00";10499
8583815059;"2016-04-27 00:00:00";12474
8583815059;"2016-04-28 00:00:00";6174
8583815059;"2016-04-29 00:00:00";15168
8583815059;"2016-04-30 00:00:00";10085
8583815059;"2016-05-01 00:00:00";4512
8583815059;"2016-05-02 00:00:00";8469
8583815059;"2016-05-03 00:00:00";12015
8583815059;"2016-05-04 00:00:00";3588
8583815059;"2016-05-05 00:00:00";12427
8583815059;"2016-05-06 00:00:00";5843
8583815059;"2016-05-07 00:00:00";6117
8583815059;"2016-05-08 00:00:00";9217
8583815059;"2016-05-09 00:00:00";9877
8583815059;"2016-05-10 00:00:00";8240
8583815059;"2016-05-11 00:00:00";8701
8583815059;"2016-05-12 00:00:00";0
8792009665;"2016-04-12 00:00:00";2564
8792009665;"2016-04-13 00:00:00";1320
8792009665;"2016-04-14 00:00:00";1219
8792009665;"2016-04-15 00:00:00";2483
8792009665;"2016-04-16 00:00:00";244
8792009665;"2016-04-17 00:00:00";0
8792009665;"2016-04-18 00:00:00";0
8792009665;"2016-04-19 00:00:00";0
8792009665;"2016-04-20 00:00:00";3147
8792009665;"2016-04-21 00:00:00";144
8792009665;"2016-04-22 00:00:00";4068
8792009665;"2016-04-23 00:00:00";5245
8792009665;"2016-04-24 00:00:00";400
8792009665;"2016-04-25 00:00:00";0
8792009665;"2016-04-26 00:00:00";1321
8792009665;"2016-04-27 00:00:00";1758
8792009665;"2016-04-28 00:00:00";6157
8792009665;"2016-04-29 00:00:00";8360
8792009665;"2016-04-30 00:00:00";7174
8792009665;"2016-05-01 00:00:00";1619
8792009665;"2016-05-02 00:00:00";1831
8792009665;"2016-05-03 00:00:00";2421
8792009665;"2016-05-04 00:00:00";2283
8792009665;"2016-05-05 00:00:00";0
8792009665;"2016-05-06 00:00:00";0
8792009665;"2016-05-07 00:00:00";0
8792009665;"2016-05-08 00:00:00";0
8792009665;"2016-05-09 00:00:00";0
8792009665;"2016-05-10 00:00:00";0
8877689391;"2016-04-12 00:00:00";23186
8877689391;"2016-04-13 00:00:00";15337
8877689391;"2016-04-14 00:00:00";21129
8877689391;"2016-04-15 00:00:00";13422
8877689391;"2016-04-16 00:00:00";29326
8877689391;"2016-04-17 00:00:00";15118
8877689391;"2016-04-18 00:00:00";11423
8877689391;"2016-04-19 00:00:00";18785
8877689391;"2016-04-20 00:00:00";19948
8877689391;"2016-04-21 00:00:00";19377
8877689391;"2016-04-22 00:00:00";18258
8877689391;"2016-04-23 00:00:00";11200
8877689391;"2016-04-24 00:00:00";16674
8877689391;"2016-04-25 00:00:00";12986
8877689391;"2016-04-26 00:00:00";11101
8877689391;"2016-04-27 00:00:00";23629
8877689391;"2016-04-28 00:00:00";14890
8877689391;"2016-04-29 00:00:00";9733
8877689391;"2016-04-30 00:00:00";27745
8877689391;"2016-05-01 00:00:00";10930
8877689391;"2016-05-02 00:00:00";4790
8877689391;"2016-05-03 00:00:00";10818
8877689391;"2016-05-04 00:00:00";18193
8877689391;"2016-05-05 00:00:00";14055
8877689391;"2016-05-06 00:00:00";21727
8877689391;"2016-05-07 00:00:00";12332
8877689391;"2016-05-08 00:00:00";10686
8877689391;"2016-05-09 00:00:00";20226
8877689391;"2016-05-10 00:00:00";10733
8877689391;"2016-05-11 00:00:00";21420
8877689391;"2016-05-12 00:00:00";8064
